identifier,download,doi,title
10.1785/0320210005,https://pubs.geoscienceworld.org/ssa/tsr/article-pdf/1/1/1/5269494/tsr-2021005.1.pdf,https://doi.org/10.1785/0320210005,"Introducing The Seismic Record—A New, Open‐Access Journal from the Seismological Society of America"
10.1785/0320210002,https://pubs.geoscienceworld.org/ssa/tsr/article-pdf/1/1/3/5272331/tsr-2021002.1.pdf,https://doi.org/10.1785/0320210002,Source Separation and Medium Change of Contained Chemical Explosions from Coda Wave Interferometry
10.1785/0320210001,https://pubs.geoscienceworld.org/ssa/tsr/article-pdf/1/1/11/5300233/tsr-2021001.1.pdf,https://doi.org/10.1785/0320210001,Machine‐Learning‐Based High‐Resolution Earthquake Catalog Reveals How Complex Fault Structures Were Activated during the 2016–2017 Central Italy Sequence
10.1785/0320210010,https://pubs.geoscienceworld.org/ssa/tsr/article-pdf/1/1/27/5306550/tsr-2021010.1.pdf,https://doi.org/10.1785/0320210010,"Raspberry Shake Instruments Provide Initial Ground‐Motion Assessment of the Induced Seismicity at the United Downs Deep Geothermal Power Project in Cornwall, United Kingdom"
10.1785/0320210007,https://pubs.geoscienceworld.org/ssa/tsr/article-pdf/1/1/20/5306541/tsr-2021007.1.pdf,https://doi.org/10.1785/0320210007,Small Local Earthquake Detection Using Low‐Cost MEMS Accelerometers: Examples in Northern and Central Italy
10.1785/0320210009,https://pubs.geoscienceworld.org/ssa/tsr/article-pdf/1/1/35/5323556/tsr-2021009.1.pdf,https://doi.org/10.1785/0320210009,"A Broad, Distributed Active Fault Zone Lies beneath Salt Lake City, Utah"
10.1785/0320210016,https://pubs.geoscienceworld.org/ssa/tsr/article-pdf/1/1/56/5351563/tsr-2021016.1.pdf,https://doi.org/10.1785/0320210016,Subsurface Characterization of the Quaternary Active Cheraw Fault in Southeastern Colorado Based on Seismic Imaging
10.1785/0320210008,https://pubs.geoscienceworld.org/ssa/tsr/article-pdf/1/1/46/5351555/tsr-2021008.1.pdf,https://doi.org/10.1785/0320210008,Seismic Noise Recorded by Telecommunication Fiber Optics Reveals the Impact of COVID‐19 Measures on Human Activity
10.1785/0320210015,https://pubs.geoscienceworld.org/ssa/tsr/article-pdf/1/2/66/5356744/tsr-2021015.1.pdf,https://doi.org/10.1785/0320210015,Laboratory Evidence of Transient Pressure Surge in a Fluid‐Filled Fracture as a Potential Driver of Remote Dynamic Earthquake Triggering
10.1785/0320210012,https://pubs.geoscienceworld.org/ssa/tsr/article-pdf/1/2/75/5357150/tsr-2021012.1.pdf,https://doi.org/10.1785/0320210012,"Paleotsunamis on the Southern Hikurangi Subduction Zone, New Zealand, Show Regular Recurrence of Large Subduction Earthquakes"
10.1785/0320210021,https://pubs.geoscienceworld.org/ssa/tsr/article-pdf/1/2/85/5363987/tsr-2021021.1.pdf,https://doi.org/10.1785/0320210021,The Western Gulf of Corinth (Greece) 2020–2021 Seismic Crisis and Cascading Events: First Results from the Corinth Rift Laboratory Network
10.1785/0320210020,https://pubs.geoscienceworld.org/ssa/tsr/article-pdf/1/2/96/5375771/tsr-2021020.1.pdf,https://doi.org/10.1785/0320210020,Stability of the Fault Systems That Host‐Induced Earthquakes in the Delaware Basin of West Texas and Southeast New Mexico
10.1785/0320210022,https://pubs.geoscienceworld.org/ssa/tsr/article-pdf/1/2/107/5389510/tsr-2021022.1.pdf,https://doi.org/10.1785/0320210022,"Joint Regional Waveform, First‐Motion Polarity, and Surface Displacement Moment Tensor Inversion of the 3 September 2017 North Korean Nuclear Test"
10.1785/0320210017,https://pubs.geoscienceworld.org/ssa/tsr/article-pdf/1/2/117/6168557/tsr-2021017.1.pdf,https://doi.org/10.1785/0320210017,Improvements to the Third Uniform California Earthquake Rupture Forecast ETAS Model (UCERF3‐ETAS)
10.1785/0320210026,https://pubs.geoscienceworld.org/ssa/tsr/article-pdf/1/3/126/5455773/tsr-2021026.1.pdf,https://doi.org/10.1785/0320210026,Seismic Wave Propagation and Inversion with Neural Operators
10.1785/0320210031,https://pubs.geoscienceworld.org/ssa/tsr/article-pdf/1/3/135/5469517/tsr-2021031.1.pdf,https://doi.org/10.1785/0320210031,Precise Locating of the Great 1897 Shillong Plateau Earthquake Using Teleseismic and Regional Seismic Phase Data
10.1785/0320210032,https://pubs.geoscienceworld.org/ssa/tsr/article-pdf/1/3/145/5478305/tsr-2021032.1.pdf,https://doi.org/10.1785/0320210032,"Seismic Constraint on Heterogeneous Deformation and Stress State in the Forearc of the Hikurangi Subduction Zone, New Zealand"
10.1785/0320210035,https://pubs.geoscienceworld.org/ssa/tsr/article-pdf/1/3/154/6168421/tsr-2021035.1.pdf,https://doi.org/10.1785/0320210035,Shallow Megathrust Rupture during the 10 February 2021 Mw 7.7 Southeast Loyalty Islands Earthquake Sequence
10.1785/0320210034,https://pubs.geoscienceworld.org/ssa/tsr/article-pdf/1/3/164/5494466/tsr-2021034.1.pdf,https://doi.org/10.1785/0320210034,Bolide Energetics and Infrasound Propagation: Exploring the 18 December 2018 Bering Sea Event to Identify Limitations of Empirical and Numerical Models
10.1785/0320210041,https://pubs.geoscienceworld.org/ssa/tsr/article-pdf/2/1/1/5504794/tsr-2021041.1.pdf,https://doi.org/10.1785/0320210041,A Detailed Earthquake Catalog for Banda Arc–Australian Plate Collision Zone Using Machine‐Learning Phase Picker and an Automated Workflow
10.1785/0320210045,https://pubs.geoscienceworld.org/ssa/tsr/article-pdf/2/1/11/5515075/tsr-2021045.1.pdf,https://doi.org/10.1785/0320210045,Direct Estimation of Explosion Pn Green’s Functions Applied to Teleseismic P‐wave Intercorrelations for North Korean Nuclear Tests
10.1785/0320210043,https://pubs.geoscienceworld.org/ssa/tsr/article-pdf/2/1/20/5518682/tsr-2021043.1.pdf,https://doi.org/10.1785/0320210043,"Kinematic Slip Model of the 2021 M 6.0 Antelope Valley, California, Earthquake"
10.1785/0320210048,https://pubs.geoscienceworld.org/ssa/tsr/article-pdf/2/1/29/5519513/tsr-2021048.1.pdf,https://doi.org/10.1785/0320210048,On the Depth of Earthquakes in the Delaware Basin: A Case Study along the Reeves–Pecos County Line
10.1785/0320210036,https://pubs.geoscienceworld.org/ssa/tsr/article-pdf/2/1/38/5520115/tsr-2021036.1.pdf,https://doi.org/10.1785/0320210036,Detecting Elevated Pore Pressure due to Wastewater Injection Using Ambient Noise Monitoring
10.1785/0320210040,https://pubs.geoscienceworld.org/ssa/tsr/article-pdf/2/1/50/5553691/tsr-2021040.1.pdf,https://doi.org/10.1785/0320210040,General Seismic Architecture of the Southern San Andreas Fault Zone around the Thousand Palms Oasis from a Large‐N Nodal Array
10.1785/0320210044,https://pubs.geoscienceworld.org/ssa/tsr/article-pdf/2/1/59/5575733/tsr-2021044.1.pdf,https://doi.org/10.1785/0320210044,Surface Rupture on a Secondary Fault Associated with the 8 August 2020 Mw 5.1 Sparta North Carolina Earthquake
10.1785/0320220003,https://pubs.geoscienceworld.org/ssa/tsr/article-pdf/2/2/68/5581213/tsr-2022003.1.pdf,https://doi.org/10.1785/0320220003,"Stress Drop Variations of Induced Earthquakes near the Dallas–Fort Worth Airport, Texas"
10.1785/0320220008,https://pubs.geoscienceworld.org/ssa/tsr/article-pdf/2/2/78/5584856/tsr-2022008.1.pdf,https://doi.org/10.1785/0320220008,Improved Resolution across the Global Seismographic Network: A New Era in Low‐Frequency Seismology
10.1785/0320220007,https://pubs.geoscienceworld.org/ssa/tsr/article-pdf/2/2/88/5592848/tsr-2022007.1.pdf,https://doi.org/10.1785/0320220007,The Far Side of Mars: Two Distant Marsquakes Detected by InSight
10.1785/0320220005,https://pubs.geoscienceworld.org/ssa/tsr/article-pdf/2/2/100/5598628/tsr-2022005.1.pdf,https://doi.org/10.1785/0320220005,Aftershocks Preferentially Occur in Previously Active Areas
10.1785/0320220012,https://pubs.geoscienceworld.org/ssa/tsr/article-pdf/2/2/107/5607259/tsr-2022012.1.pdf,https://doi.org/10.1785/0320220012,"The 14 December 2021 Mw 4.9 Offshore Jeju Island, Korea, Earthquake: Seismological Observation of an Intraplate Earthquake Provides Insight into Regional Seismotectonics"
10.1785/0320220002,https://pubs.geoscienceworld.org/ssa/tsr/article-pdf/2/2/118/5613830/tsr-2022002.1.pdf,https://doi.org/10.1785/0320220002,S/P Amplitude Ratios Derived from Single‐Component Seismograms and Their Potential Use in Constraining Focal Mechanisms for Microearthquake Sequences
10.1785/0320220018,https://pubs.geoscienceworld.org/ssa/tsr/article-pdf/2/2/137/5637336/tsr-2022018.1.pdf,https://doi.org/10.1785/0320220018,"The 27 February 2022 Lop Nor Earthquake: Detectability, Location, and Discrimination"
10.1785/0320220016,https://pubs.geoscienceworld.org/ssa/tsr/article-pdf/2/2/127/5637328/tsr-2022016.1.pdf,https://doi.org/10.1785/0320220016,3D Shear Wave Velocity Model of Salt Lake Valley via Rayleigh Wave Ellipticity across a Temporary Geophone Array
10.1785/0320220010,https://pubs.geoscienceworld.org/ssa/tsr/article-pdf/2/3/148/5646751/tsr-2022010.1.pdf,https://doi.org/10.1785/0320220010,Fiber‐Optic Observation of Volcanic Tremor through Floating Ice Sheet Resonance
10.1785/0320220017,https://pubs.geoscienceworld.org/ssa/tsr/article-pdf/2/3/156/5646663/tsr-2022017.1.pdf,https://doi.org/10.1785/0320220017,Ground Motion Amplification at Natural Rock Arches in the Colorado Plateau
10.1785/0320220019,https://pubs.geoscienceworld.org/ssa/tsr/article-pdf/2/3/167/5662840/tsr-2022019.1.pdf,https://doi.org/10.1785/0320220019,"Waveform Features Strongly Control Subcrater Classification Performance for a Large, Labeled Volcano Infrasound Dataset"
10.1785/0320220015,https://pubs.geoscienceworld.org/ssa/tsr/article-pdf/2/3/176/5665259/tsr-2022015.1.pdf,https://doi.org/10.1785/0320220015,The Kalaotoa Fault: A Newly Identified Fault that Generated the Mw 7.3 Flores Sea Earthquake
10.1785/0320220022,https://pubs.geoscienceworld.org/ssa/tsr/article-pdf/2/3/186/5671734/tsr-2022022.1.pdf,https://doi.org/10.1785/0320220022,Ground‐Motion Evaluation of Hybrid Seismic Velocity Models
10.1785/0320220020,https://pubs.geoscienceworld.org/ssa/tsr/article-pdf/2/3/197/5679093/tsr-2022020.1.pdf,https://doi.org/10.1785/0320220020,Basement Fault Activation before Larger Earthquakes in Oklahoma and Kansas
10.1785/0320220023,https://pubs.geoscienceworld.org/ssa/tsr/article-pdf/2/3/207/5686719/tsr-2022023.1.pdf,https://doi.org/10.1785/0320220023,Earthquakes in the Shadows: Why Aftershocks Occur at Surprising Locations
10.1785/0320220027,https://pubs.geoscienceworld.org/ssa/tsr/article-pdf/2/4/217/5722437/tsr-2022027.1.pdf,https://doi.org/10.1785/0320220027,Multi‐Event Explosive Seismic Source for the 2022 Mw 6.3 Hunga Tonga Submarine Volcanic Eruption
10.1785/0320220030,https://pubs.geoscienceworld.org/ssa/tsr/article-pdf/2/4/227/5733917/tsr-2022030.1.pdf,https://doi.org/10.1785/0320220030,"Rupture Directivity of the 2021 ML 2.2 Gwangyang, Korea, Microearthquake: Toward Resolving High‐Resolution Rupture Process of a Small Earthquake"
10.1785/0320220032,https://pubs.geoscienceworld.org/ssa/tsr/article-pdf/2/4/237/5735463/tsr-2022032.1.pdf,https://doi.org/10.1785/0320220032,Variability in the Natural Frequencies of a Nine‐Story Concrete Building from Seconds to Decades
10.1785/0320220029,https://pubs.geoscienceworld.org/ssa/tsr/article-pdf/2/4/248/5736766/tsr-2022029.1.pdf,https://doi.org/10.1785/0320220029,"Evidence of Active Quaternary Deformation on the Great Valley Fault System near Winters, Northern California"
10.1785/0320220035,https://pubs.geoscienceworld.org/ssa/tsr/article-pdf/2/4/260/5742350/tsr-2022035.1.pdf,https://doi.org/10.1785/0320220035,"Rotational Components of Normal Modes Measured at a Natural Sandstone Tower (Kane Springs Canyon, Utah, U.S.A.)"
10.1785/0320220036,https://pubs.geoscienceworld.org/ssa/tsr/article-pdf/3/1/1/5758479/tsr-2022036.1.pdf,https://doi.org/10.1785/0320220036,“Aftershock Faults” and What They Could Mean for Seismic Hazard Assessment
10.1785/0320220033,https://pubs.geoscienceworld.org/ssa/tsr/article-pdf/3/1/12/5769736/tsr-2022033.1.pdf,https://doi.org/10.1785/0320220033,"Investigations of Ambient Noise Velocity Variations in a Region of Induced Seismicity near Greeley, Colorado"
10.1785/0320220039,https://pubs.geoscienceworld.org/ssa/tsr/article-pdf/3/1/29/5795001/tsr-2022039.1.pdf,https://doi.org/10.1785/0320220039,Utilization of Crowdsourced Felt Reports to Distinguish High‐Impact from Low‐Impact Earthquakes Globally within Minutes of an Event
10.1785/0320220040,https://pubs.geoscienceworld.org/ssa/tsr/article-pdf/3/1/21/5794995/tsr-2022040.1.pdf,https://doi.org/10.1785/0320220040,Point‐Source Decay of Ground‐Motion Amplitudes at \&lt;10 km
10.1785/0320220043,https://pubs.geoscienceworld.org/ssa/tsr/article-pdf/3/1/37/5823020/tsr-2022043.1.pdf,https://doi.org/10.1785/0320220043,Fault Roughness at Seismogenic Depths and Links to Earthquake Behavior
10.1785/0320220044,https://pubs.geoscienceworld.org/ssa/tsr/article-pdf/3/1/48/5806839/tsr-2022044.1.pdf,https://doi.org/10.1785/0320220044,P/SV Amplitude Ratios of Shallow Isotropic Explosions and Earthquakes Could Be Indistinguishable at Local Distances: Insights from Single‐Station Waveform Simulations
10.1785/0320220042,https://pubs.geoscienceworld.org/ssa/tsr/article-pdf/3/2/57/5812168/tsr-2022042.1.pdf,https://doi.org/10.1785/0320220042,"Coseismic Slip Model of the 19 September 2022 Mw 7.6 Michoacán, Mexico, Earthquake: A Quasi‐Repeat of the 1973 Mw 7.6 Rupture"
10.1785/0320230001,https://pubs.geoscienceworld.org/ssa/tsr/article-pdf/3/2/69/5814329/tsr-2023001.1.pdf,https://doi.org/10.1785/0320230001,Nonlinear Radiation Damping: A New Method for Dissipating Energy in Dynamic Earthquake Rupture Simulations
10.1785/0320230006,https://pubs.geoscienceworld.org/ssa/tsr/article-pdf/3/2/86/5814835/tsr-2023006.1.pdf,https://doi.org/10.1785/0320230006,"Are Regionally Calibrated Seismicity Models More Informative than Global Models? Insights from California, New Zealand, and Italy"
10.1785/0320230002,https://pubs.geoscienceworld.org/ssa/tsr/article-pdf/3/2/77/5814827/tsr-2023002.1.pdf,https://doi.org/10.1785/0320230002,Space–Time Asymmetry in Earthquake Pairs along the Central San Andreas Fault: Evidence for Small Earthquake Links at Long Distances
10.1785/0320220038,https://pubs.geoscienceworld.org/ssa/tsr/article-pdf/3/2/96/5824017/tsr-2022038.1.pdf,https://doi.org/10.1785/0320220038,On the Importance of Using Directional Information in the Search for Lower Mantle Reflectors
10.1785/0320230007,https://pubs.geoscienceworld.org/ssa/tsr/article-pdf/3/2/105/5840910/tsr-2023007.1.pdf,https://doi.org/10.1785/0320230007,The Destructive Earthquake Doublet of 6 February 2023 in South‐Central Türkiye and Northwestern Syria: Initial Observations and Analyses
10.1785/0320220048,https://pubs.geoscienceworld.org/ssa/tsr/article-pdf/3/2/116/5847854/tsr-2022048.1.pdf,https://doi.org/10.1785/0320220048,"Imaging an Enigmatic Paleovalley with Passive Seismic Methods (Unaweep Canyon, Colorado, United States)"
10.1785/0320230004,https://pubs.geoscienceworld.org/ssa/tsr/article-pdf/3/2/125/5847847/tsr-2023004.1.pdf,https://doi.org/10.1785/0320230004,Fiber‐Optic Airplane Seismology on the Northeast Greenland Ice Stream
10.1785/0320230008,https://pubs.geoscienceworld.org/ssa/tsr/article-pdf/3/2/134/5848941/tsr-2023008.1.pdf,https://doi.org/10.1785/0320230008,The 2023 Southeast Türkiye Seismic Sequence: Rupture of a Complex Fault Network
10.1785/0320230013,https://pubs.geoscienceworld.org/ssa/tsr/article-pdf/3/2/144/5849443/tsr-2023013.1.pdf,https://doi.org/10.1785/0320230013,Rupture Directivity of the 25 October 2022 Mw 5.1 Alum Rock Earthquake
10.1785/0320230009,https://pubs.geoscienceworld.org/ssa/tsr/article-pdf/3/2/156/5852615/tsr-2023009.1.pdf,https://doi.org/10.1785/0320230009,"Rapid Characterization of the February 2023 Kahramanmaraş, Türkiye, Earthquake Sequence"
10.1785/0320230014,https://pubs.geoscienceworld.org/ssa/tsr/article-pdf/3/2/168/5877555/tsr-2023014.1.pdf,https://doi.org/10.1785/0320230014,Erratum to Multi‐Event Explosive Seismic Source for the 2022 Mw 6.3 Hunga Tonga Submarine Volcanic Eruption
10.1785/0320230015,https://pubs.geoscienceworld.org/ssa/tsr/article-pdf/3/2/171/5887472/tsr-2023015.1.pdf,https://doi.org/10.1785/0320230015,"Modern Products for a Vintage Event: An Update on the 1933 Long Beach, California, Earthquake"
10.1785/0320220047,https://pubs.geoscienceworld.org/ssa/tsr/article-pdf/3/3/182/5898193/tsr-2022047.1.pdf,https://doi.org/10.1785/0320220047,Hosgri Fault Transpressional Slip Rates Reproduce Observed Central California Coast Uplift Rates
10.1785/0320230017,https://pubs.geoscienceworld.org/ssa/tsr/article-pdf/3/3/194/5901411/tsr-2023017.1.pdf,https://doi.org/10.1785/0320230017,Estimating the Magnitude of Completeness of Earthquake Catalogs Using a Simple Random Variable Transformation
10.1785/0320230019,https://pubs.geoscienceworld.org/ssa/tsr/article-pdf/3/3/200/5937504/tsr-2023019.1.pdf,https://doi.org/10.1785/0320230019,Tracking Local Sea Ice Extent in the Beaufort Sea Using Distributed Acoustic Sensing and Machine Learning
10.1785/0320230003,https://pubs.geoscienceworld.org/ssa/tsr/article-pdf/3/3/210/5937795/tsr-2023003.1.pdf,https://doi.org/10.1785/0320230003,"Comment on “Multievent Explosive Seismic Source for the 2022 Mw 6.3 Hunga Tonga Submarine Volcanic Eruption” by Julien Thurin, Carl Tape, and Ryan Modrak"
10.1785/0320230016,https://pubs.geoscienceworld.org/ssa/tsr/article-pdf/3/3/215/5937793/tsr-2023016.1.pdf,https://doi.org/10.1785/0320230016,"Reply to “Comment on ‘Multievent Explosive Seismic Source for the 2022 Mw 6.3 Hunga Tonga Submarine Volcanic Eruption’ by Julien Thurin, Carl Tape, and Ryan Modrak” by Fred F. Pollitz, Ricardo Garza‐Giron, and Thorne Lay"
10.1785/0320230021,https://pubs.geoscienceworld.org/ssa/tsr/article-pdf/3/3/218/5944050/tsr-2023021.1.pdf,https://doi.org/10.1785/0320230021,"Evaluating a Prospective Fault‐Based Stress‐Transfer Forecast for the M 7.9 Wenchuan Earthquake Region, 15 Years Later"
10.1785/0320230020,https://pubs.geoscienceworld.org/ssa/tsr/article-pdf/3/3/228/5946654/tsr-2023020.1.pdf,https://doi.org/10.1785/0320230020,"Characterizing and Locating Seismic Tremor during the 2022 Eruption of Mauna Loa Volcano, Hawai’i, with Network Covariance"
10.1785/0320230026,https://pubs.geoscienceworld.org/ssa/tsr/article-pdf/3/3/239/5973366/tsr-2023026.1.pdf,https://doi.org/10.1785/0320230026,"Spatially Consistent Small‐Scale Stress Heterogeneity Revealed by the 2008 Mogul, Nevada, Earthquakes"
10.1785/0320230023,https://pubs.geoscienceworld.org/ssa/tsr/article-pdf/3/4/249/5979003/tsr-2023023.1.pdf,https://doi.org/10.1785/0320230023,Back‐Azimuth Estimation of Air‐to‐Ground Coupled Infrasound from Transverse Coherence Minimization
10.1785/0320230025,https://pubs.geoscienceworld.org/ssa/tsr/article-pdf/3/4/259/5981240/tsr-2023025.1.pdf,https://doi.org/10.1785/0320230025,How Good Is Your Location? Comparing and Understanding the Uncertainties in Location for the 1993 Rock Valley Sequence
10.1785/0320230018,https://pubs.geoscienceworld.org/ssa/tsr/article-pdf/3/4/269/5984566/tsr-2023018.1.pdf,https://doi.org/10.1785/0320230018,Real‐Data Testing of Distributed Acoustic Sensing for Offshore Earthquake Early Warning
10.1785/0320230022,https://pubs.geoscienceworld.org/ssa/tsr/article-pdf/3/4/278/6139421/tsr-2023022.1.pdf,https://doi.org/10.1785/0320230022,"The 1886 Charleston, South Carolina, Earthquake: Relic Railroad Offset Reveals Rupture"
10.1785/0320230029,https://pubs.geoscienceworld.org/ssa/tsr/article-pdf/3/4/289/6004245/tsr-2023029.1.pdf,https://doi.org/10.1785/0320230029,"Rapid Surface Rupture Mapping from Satellite Data: The 2023 Kahramanmaraş, Turkey (Türkiye), Earthquake Sequence"
10.1785/0320230036,https://pubs.geoscienceworld.org/ssa/tsr/article-pdf/3/4/299/6021769/tsr-2023036.1.pdf,https://doi.org/10.1785/0320230036,Direction Estimates for Short‐Period P‐Waves on Three‐Component Stations and Arrays
10.1785/0320230034,https://pubs.geoscienceworld.org/ssa/tsr/article-pdf/3/4/311/6021977/tsr-2023034.1.pdf,https://doi.org/10.1785/0320230034,Source Scaling and Ground‐Motion Variability along the East Anatolian Fault
10.1785/0320230039,https://pubs.geoscienceworld.org/ssa/tsr/article-pdf/3/4/322/6024796/tsr-2023039.1.pdf,https://doi.org/10.1785/0320230039,Coherent Spatial Variations in the Productivity of Earthquake Sequences in California and Nevada
10.1785/0320230024,https://pubs.geoscienceworld.org/ssa/tsr/article-pdf/3/4/332/6040669/tsr-2023024.1.pdf,https://doi.org/10.1785/0320230024,"Parametric Testing of EQTransformer’s Performance against a High‐Quality, Manually Picked Catalog for Reliable and Accurate Seismic Phase Picking"
10.1785/0320230028,https://pubs.geoscienceworld.org/ssa/tsr/article-pdf/3/4/342/6068798/tsr-2023028.1.pdf,https://doi.org/10.1785/0320230028,"3D Dynamic Rupture Modeling of the 6 February 2023, Kahramanmaraş, Turkey Mw 7.8 and 7.7 Earthquake Doublet Using Early Observations"
10.1785/0320230040,https://pubs.geoscienceworld.org/ssa/tsr/article-pdf/3/4/357/6110631/tsr-2023040.1.pdf,https://doi.org/10.1785/0320230040,"Rapid Source Characterization of the 2023 Mw 6.8 Al Haouz, Morocco, Earthquake"
10.1785/0320230037,https://pubs.geoscienceworld.org/ssa/tsr/article-pdf/3/4/367/6121736/tsr-2023037.1.pdf,https://doi.org/10.1785/0320230037,"Fault‐Slip Potential near the Deadly 8 September 2023 Mw 6.8 Al Haouz, Morocco, Earthquake"
10.1785/0320230033,https://pubs.geoscienceworld.org/ssa/tsr/article-pdf/3/4/376/6122970/tsr-2023033.1.pdf,https://doi.org/10.1785/0320230033,Detecting Repeating Earthquakes on the San Andreas Fault with Unsupervised Machine Learning of Spectrograms
10.1785/0320230047,https://pubs.geoscienceworld.org/ssa/tsr/article-pdf/4/1/1/6149066/tsr-2023047.1.pdf,https://doi.org/10.1785/0320230047,The 26 September 2022 Nord Stream Events: Insights from Nearby Seismic Events
10.1785/0320230048,https://pubs.geoscienceworld.org/ssa/tsr/article-pdf/4/1/11/6156531/tsr-2023048.1.pdf,https://doi.org/10.1785/0320230048,"Seismic Velocity Variations Observed Prior to the La Palma Volcano Eruption on 19 September 2021, in Cumbre Vieja, Canary Islands (Spain)"
10.1785/0320230051,https://pubs.geoscienceworld.org/ssa/tsr/article-pdf/4/1/21/6193865/tsr-2023051.1.pdf,https://doi.org/10.1785/0320230051,"Machine Learning Aids Rapid Assessment of Aftershocks: Application to the 2022–2023 Peace River Earthquake Sequence, Alberta, Canada"
10.1785/0320230045,https://pubs.geoscienceworld.org/ssa/tsr/article-pdf/4/1/32/6209122/tsr-2023045.1.pdf,https://doi.org/10.1785/0320230045,"Paleoseismology of the Sawtooth Fault and Implications for Fault Behavior in the Epicentral Region of the 2020 Mw 6.5 Stanley, Idaho, Earthquake"
10.1785/0320230044,https://pubs.geoscienceworld.org/ssa/tsr/article-pdf/4/1/43/6229614/tsr-2023044.1.pdf,https://doi.org/10.1785/0320230044,Toward the Rapid Seismic Assessment of Landslides in Coastal Alaska
10.1785/0320230049,https://pubs.geoscienceworld.org/ssa/tsr/article-pdf/4/1/52/6261476/tsr-2023049.1.pdf,https://doi.org/10.1785/0320230049,Revealing the Secrets of the Western Mediterranean: A Deep Earthquake and the Overturned Slab
10.1785/0320230043,https://pubs.geoscienceworld.org/ssa/tsr/article-pdf/4/1/62/6261670/tsr-2023043.1.pdf,https://doi.org/10.1785/0320230043,"Deformed Latest Pleistocene Fluvial Terraces Reveal Complex Active Faulting within Tectonic Transition Zone, Mendocino Triple Junction, Northern California"
10.1785/0320230054,https://pubs.geoscienceworld.org/ssa/tsr/article-pdf/4/1/72/6284745/tsr-2023054.1.pdf,https://doi.org/10.1785/0320230054,Making Phase‐Picking Neural Networks More Consistent and Interpretable
10.1785/0320230053,https://pubs.geoscienceworld.org/ssa/tsr/article-pdf/4/1/81/6309827/tsr-2023053.1.pdf,https://doi.org/10.1785/0320230053,"Distinct Yet Adjacent Earthquake Sequences near the Mendocino Triple Junction: 20 December 2021 Mw 6.1 and 6.0 Petrolia, and 20 December 2022 Mw 6.4 Ferndale"
10.1785/0320230052,https://pubs.geoscienceworld.org/ssa/tsr/article-pdf/4/2/93/6435836/tsr-2023052.1.pdf,https://doi.org/10.1785/0320230052,The Main Factors Controlling Probabilistic Seismic Hazard Variability Due to Epistemic Uncertainty in Greece: Results from a One‐Factor‐at‐a‐Time Analysis
10.1785/0320230055,https://pubs.geoscienceworld.org/ssa/tsr/article-pdf/4/2/102/6385695/tsr-2023055.1.pdf,https://doi.org/10.1785/0320230055,Comparison of Near‐Surface Attenuation from Surface Array‐Based Seismic Noise Data and Borehole Weak‐Motion Recordings at the STIN Test Site in Northeastern Italy
10.1785/0320240003,https://pubs.geoscienceworld.org/ssa/tsr/article-pdf/4/2/111/6434401/tsr-2024003.1.pdf,https://doi.org/10.1785/0320240003,Evidence for Ultra‐Low Velocity Zone Genesis in Downwelling Subducted Slabs at the Core–Mantle Boundary
10.1785/0320240004,https://pubs.geoscienceworld.org/ssa/tsr/article-pdf/4/2/121/6437122/tsr-2024004.1.pdf,https://doi.org/10.1785/0320240004,Uncertainty in Ground‐Motion‐to‐Intensity Conversions Significantly Affects Earthquake Early Warning Alert Regions
10.1785/0320230038,https://pubs.geoscienceworld.org/ssa/tsr/article-pdf/4/2/131/6446703/tsr-2023038.1.pdf,https://doi.org/10.1785/0320230038,"Determining Stress Orientation in Rock Valley, Nevada, Using Ambient Seismic Noise"
10.1785/0320240011,https://pubs.geoscienceworld.org/ssa/tsr/article-pdf/4/2/140/6500663/tsr-2024011.1.pdf,https://doi.org/10.1785/0320240011,Insights into Temporal Evolution of Induced Earthquakes in the Southern Delaware Basin Using Calibrated Relocations from the TXAR Catalog (2009–2016)
10.1785/0320240012,https://pubs.geoscienceworld.org/ssa/tsr/article-pdf/4/3/151/6532181/tsr-2024012.1.pdf,https://doi.org/10.1785/0320240012,"The 17 January 1994 Northridge, California, Earthquake: A Retrospective Analysis"
10.1785/0320240019,https://pubs.geoscienceworld.org/ssa/tsr/article-pdf/4/3/161/6575392/tsr-2024019.1.pdf,https://doi.org/10.1785/0320240019,Seismic Node Arrays for Enhanced Understanding and Monitoring of Geothermal Systems
10.1785/0320240013,https://pubs.geoscienceworld.org/ssa/tsr/article-pdf/4/3/172/6714097/tsr-2024013.1.pdf,https://doi.org/10.1785/0320240013,"The 16 September 2023 Greenland Megatsunami: Analysis and Modeling of the Source and a Week‐Long, Monochromatic Seismic Signal"
10.1785/0320230050,https://pubs.geoscienceworld.org/ssa/tsr/article-pdf/4/3/184/6714090/tsr-2023050.1.pdf,https://doi.org/10.1785/0320230050,"Shallow Faulting and Folding beneath South‐Central Seattle, Washington State, from Land‐Based High‐Resolution Seismic‐Reflection Imaging"
10.1785/0320240010,https://pubs.geoscienceworld.org/ssa/tsr/article-pdf/4/3/194/6749589/tsr-2024010.1.pdf,https://doi.org/10.1785/0320240010,Uncertainty and Spatial Correlation in Station Measurements for mb Magnitude Estimation
10.1785/0320240016,https://pubs.geoscienceworld.org/ssa/tsr/article-pdf/4/3/204/6931759/tsr-2024016.1.pdf,https://doi.org/10.1785/0320240016,Pdiff Postcursors from the Base of the Hawaiian ULVZ
10.1785/0320240020,https://pubs.geoscienceworld.org/ssa/tsr/article-pdf/4/3/214/6953243/tsr-2024020.1.pdf,https://doi.org/10.1785/0320240020,"Rupture Model of the 5 April 2024 Tewksbury, New Jersey, Earthquake Based on Regional Lg‐Wave Data"
10.1785/0320240022,https://pubs.geoscienceworld.org/ssa/tsr/article-pdf/4/3/223/6958884/tsr-2024022.1.pdf,https://doi.org/10.1785/0320240022,Potency–Magnitude Scaling Relations and a Unified Earthquake Catalog for the Western United States
10.1785/0320240025,https://pubs.geoscienceworld.org/ssa/tsr/article-pdf/4/3/231/6960425/tsr-2024025.1.pdf,https://doi.org/10.1785/0320240025,The Value of Hyperparameter Optimization in Phase‐Picking Neural Networks
10.1785/0320240024,https://pubs.geoscienceworld.org/ssa/tsr/article-pdf/4/4/240/6971326/tsr-2024024.1.pdf,https://doi.org/10.1785/0320240024,Preliminary Observations of the 5 April 2024 Mw 4.8 New Jersey Earthquake
10.1785/0320240026,https://pubs.geoscienceworld.org/ssa/tsr/article-pdf/4/4/251/6971679/tsr-2024026.1.pdf,https://doi.org/10.1785/0320240026,"Relationships Between Upper‐Plate Structure, Mantle Wedge Melting, and Fore‐Arc Sliver Transport in the Nicaraguan Subduction Zone"
10.1785/0320240008,https://pubs.geoscienceworld.org/ssa/tsr/article-pdf/4/4/259/7019682/tsr-2024008.1.pdf,https://doi.org/10.1785/0320240008,What Do We Know Without the Catalog? Eliciting Prior Beliefs from Experts for Aftershock Models
10.1785/0320240029,https://pubs.geoscienceworld.org/ssa/tsr/article-pdf/4/4/268/7032122/tsr-2024029.1.pdf,https://doi.org/10.1785/0320240029,A Resolution of the Variability Discrepancy Between Peak Ground Acceleration and Spectral Stress Drop
10.1785/0320240030,https://pubs.geoscienceworld.org/ssa/tsr/article-pdf/4/4/279/7042315/tsr-2024030.1.pdf,https://doi.org/10.1785/0320240030,Reduced Injection Rates and Shallower Depths Mitigated Induced Seismicity in Oklahoma
10.1785/0320240039,https://pubs.geoscienceworld.org/ssa/tsr/article-pdf/4/4/299/7062618/tsr-2024039.1.pdf,https://doi.org/10.1785/0320240039,"Waveform Tomography Improves Far‐Regional Distance Simulations of Underground Nuclear Explosions and Earthquakes from the Former Nuclear Test Site, Western United States"
10.1785/0320240018,https://pubs.geoscienceworld.org/ssa/tsr/article-pdf/4/4/288/7062626/tsr-2024018.1.pdf,https://doi.org/10.1785/0320240018,Forensic Seismic Evidence for Precursory Mobilization in Gaza Leading to the October 7 Hamas Attack
10.1785/0320240031,https://pubs.geoscienceworld.org/ssa/tsr/article-pdf/4/4/308/7067184/tsr-2024031.1.pdf,https://doi.org/10.1785/0320240031,"Passive Seismic Imaging of Urban Environments Using Distributed Acoustic Sensing: A Case Study from Melbourne, Australia"
10.1785/0320240033,https://pubs.geoscienceworld.org/ssa/tsr/article-pdf/4/4/318/7072204/tsr-2024033.1.pdf,https://doi.org/10.1785/0320240033,Induced Resonance and Forces Imparted on Buildings from Volcano Infrasound
10.1785/0320240036,https://pubs.geoscienceworld.org/ssa/tsr/article-pdf/5/1/1/7090102/tsr-2024036.1.pdf,https://doi.org/10.1785/0320240036,The Energy Space Density (ESD) Distribution: A New Approach to Reveal the Degree of Fracturing of the Crust in the Etna Region (Italy)
10.1785/0320240027,https://pubs.geoscienceworld.org/ssa/tsr/article-pdf/5/1/23/7093322/tsr-2024027.1.pdf,https://doi.org/10.1785/0320240027,"Reply to “Comment on ‘The 1886 Charleston, South Carolina, Earthquake: Relic Railroad Offset Reveals Rupture’ by Roger Bilham and Susan E. Hough” by Thomas L. Pratt, Martin C. Chapman, and Qimin Wu"
10.1785/0320240002,https://pubs.geoscienceworld.org/ssa/tsr/article-pdf/5/1/11/7093328/tsr-2024002.1.pdf,https://doi.org/10.1785/0320240002,"Comment on “The 1886 Charleston, South Carolina, Earthquake: Relic Railroad Offset Reveals Rupture” by Roger Bilham and Susan E. Hough"
10.1785/0320240035,https://pubs.geoscienceworld.org/ssa/tsr/article-pdf/5/1/35/7096447/tsr-2024035.1.pdf,https://doi.org/10.1785/0320240035,Aftershocks on the Planar Rupture Surface of the Deep‐Focus Mw 7.9 Bonin Islands Earthquake
10.1785/0320240028,https://pubs.geoscienceworld.org/ssa/tsr/article-pdf/5/1/55/7098522/tsr-2024028.1.pdf,https://doi.org/10.1785/0320240028,Reducing the Parameter Dependency of Phase‐Picking Neural Networks with Dice Loss
10.1785/0320240034,https://pubs.geoscienceworld.org/ssa/tsr/article-pdf/5/1/44/7098529/tsr-2024034.1.pdf,https://doi.org/10.1785/0320240034,Earthquake Recurrence Estimates for Northern Caribbean Faults from Combinatorial Optimization
10.1785/0320240046,https://pubs.geoscienceworld.org/ssa/tsr/article-pdf/5/1/64/7101810/tsr-2024046.1.pdf,https://doi.org/10.1785/0320240046,Exploring Continuous Seismic Data at an Industry Facility Using Unsupervised Machine Learning
10.1785/0320240041,https://pubs.geoscienceworld.org/ssa/tsr/article-pdf/5/1/73/7111324/tsr-2024041.1.pdf,https://doi.org/10.1785/0320240041,"Long‐Term Trends in Microseismicity During Operational Shut‐Ins at the Coso Geothermal Field, California"
10.1785/0320240040,https://pubs.geoscienceworld.org/ssa/tsr/article-pdf/5/1/83/7113377/tsr-2024040.1.pdf,https://doi.org/10.1785/0320240040,"Remote Single‐Station Seismic Monitoring of the July–October 2022 Earthquake Swarm at Ta‘ū Volcano, American Samoa"
10.1785/0320240038,https://pubs.geoscienceworld.org/ssa/tsr/article-pdf/5/1/97/7126851/tsr-2024038.1.pdf,https://doi.org/10.1785/0320240038,Regional Source‐Type Discrimination Using Nonlinear Alignment Algorithms
10.1785/0320240045,https://pubs.geoscienceworld.org/ssa/tsr/article-pdf/5/1/118/7151829/tsr-2024045.1.pdf,https://doi.org/10.1785/0320240045,The Effect of Sharp Bends and Cable Coupling on DAS Recording in an Urban Environment
10.1785/0320240044,https://pubs.geoscienceworld.org/ssa/tsr/article-pdf/5/1/107/7151837/tsr-2024044.1.pdf,https://doi.org/10.1785/0320240044,Coseismic Deep‐Seated Gravitational Slope Deformations Triggered by the 2024 Mw 7.5 Noto Peninsula Earthquake
10.1785/0320250009,https://pubs.geoscienceworld.org/ssa/tsr/article-pdf/5/1/127/7160014/tsr-2025009.1.pdf,https://doi.org/10.1785/0320250009,Performance of bEPIC Through the 2024 M 7.0 Mendocino Earthquake Sequence
10.1785/0320240051,https://pubs.geoscienceworld.org/ssa/tsr/article-pdf/5/2/136/7163185/tsr-2024051.1.pdf,https://doi.org/10.1785/0320240051,Examining the Effects of Basin Interfaces on Ground Motions with Lab‐Based Seismic Data Obtained Using a 3D‐Printed Basin Model
10.1785/0320250010,https://pubs.geoscienceworld.org/ssa/tsr/article-pdf/5/2/145/7172330/tsr-2025010.1.pdf,https://doi.org/10.1785/0320250010,Revisiting the Seismicity in the Eagle Ford Shale: The Overlooked Role of Wastewater Disposal
10.1785/0320250005,https://pubs.geoscienceworld.org/ssa/tsr/article-pdf/5/2/155/7187161/tsr-2025005.1.pdf,https://doi.org/10.1785/0320250005,Seismic Event Identification: Context to Confidence
10.1785/0320250004,https://pubs.geoscienceworld.org/ssa/tsr/article-pdf/5/2/175/7193520/tsr-2025004.1.pdf,https://doi.org/10.1785/0320250004,"An Enhanced Focal Mechanism Catalog of Induced Earthquakes in Weiyuan, Sichuan, from Dense Array Data and a Multitask Deep Learning Model"
10.1785/0320250007,https://pubs.geoscienceworld.org/ssa/tsr/article-pdf/5/2/165/7193528/tsr-2025007.1.pdf,https://doi.org/10.1785/0320250007,"Seismic, Field, and Remote Sensing Analysis of the 13 February 2024 Çöpler Gold Mine Landslide, Erzincan, Türkiye"
10.1785/0320250006,https://pubs.geoscienceworld.org/ssa/tsr/article-pdf/5/2/185/7198070/tsr-2025006.1.pdf,https://doi.org/10.1785/0320250006,Assessment of Seismic Hazard Potential for a Geothermal Field: A Case Study in West Texas
10.1785/0320250013,https://pubs.geoscienceworld.org/ssa/tsr/article-pdf/5/2/195/7203263/tsr-2025013.1.pdf,https://doi.org/10.1785/0320250013,Generalized Nearest‐Neighbor Distance and Hawkes Point Process Modeling Applied to Mining‐Induced Seismicity
10.1785/0320240047,https://pubs.geoscienceworld.org/ssa/tsr/article-pdf/5/2/207/7214743/tsr-2024047.1.pdf,https://doi.org/10.1785/0320240047,Constraints on Midmantle Discontinuities in Mars from Analysis of InSight Seismic Data
10.1785/0320250015,https://pubs.geoscienceworld.org/ssa/tsr/article-pdf/5/2/218/7219419/tsr-2025015.1.pdf,https://doi.org/10.1785/0320250015,Differential Seismic Phase Detection Probability as a Potential Discriminant of Explosions and Earthquakes
10.1785/0320250002,https://pubs.geoscienceworld.org/ssa/tsr/article-pdf/5/2/228/7229032/tsr-2025002.1.pdf,https://doi.org/10.1785/0320250002,"The 2021 Mw 5.6 Earthquake in the Guyana Shield, South America: An Intraplate Event with No Reason to Occur"
10.1785/0320250018,https://pubs.geoscienceworld.org/ssa/tsr/article-pdf/5/2/239/7278646/tsr-2025018.1.pdf,https://doi.org/10.1785/0320250018,Quantitative Evaluations of Earthquake Early Warning Performance Using “Did You Feel It?” and Post‐Alert Surveys
10.1785/0320250016,https://pubs.geoscienceworld.org/ssa/tsr/article-pdf/5/3/250/7287394/tsr-2025016.1.pdf,https://doi.org/10.1785/0320250016,"Subsurface Imaging in Urban Environments: Utilizing Distributed Acoustic Sensing in Downtown Reno, Nevada"
10.1785/0320250021,https://pubs.geoscienceworld.org/ssa/tsr/article-pdf/5/3/260/7296240/tsr-2025021.1.pdf,https://doi.org/10.1785/0320250021,The 28 March 2025 Mw 7.8 Myanmar Earthquake: Preliminary Analysis of an ∼480 km Long Intermittent Supershear Rupture
10.1785/0320250024,https://pubs.geoscienceworld.org/ssa/tsr/article-pdf/5/3/281/7301469/tsr-2025024.1.pdf,https://doi.org/10.1785/0320250024,Curved Fault Slip Captured by CCTV Video During the 2025 Mw 7.7 Myanmar Earthquake
10.1785/0320250003,https://pubs.geoscienceworld.org/ssa/tsr/article-pdf/5/3/270/7301476/tsr-2025003.1.pdf,https://doi.org/10.1785/0320250003,"AK112: Full Waveform Inversion Tomography of Alaska Improves Waveform Fits While Imaging Crustal, Mantle, and Slab Structure"
